{
  "font_name": "Songti SC",
  "color_extension": {
    "color_psnr": 29.370979285957514,
    "color_ssim": 0.9454661202820868
  }
}