task,method,psnr,ssim,rel_error,support_f1,iterations,matrix_error
repair_sparse_low_rank_texture,SparseLowRankTexture,19.003128157433625,0.8911872142809073,0.19259990584564218,0.16631726065643815,840,
repair_sparse_low_rank_texture,RPCA,16.35118254423097,0.8327334190358489,0.26136856360881217,0.10795974382411312,32,
tilt_affine,TILT,19.54445746058784,0.9174654644839895,0.1676338959832465,0.0,9,0.002704284992236744
tilt_projective,TILT,19.74494584749982,0.9208713382439417,0.16380887180652762,0.0,8,0.0061459749902801316
